<?xml version="1.0" encoding="UTF-8"?>

<!DOCTYPE hibernate-configuration SYSTEM 
"http://www.hibernate.org/dtd/hibernate-configuration-3.0.dtd">

<hibernate-configuration>
   <session-factory>
   
      <property name = "hibernate.dialect">
        org.hibernate.dialect.OracleDialect
      </property>
   
      <property name = "hibernate.connection.driver_class">
        oracle.jdbc.driver.OracleDriver 
      </property>

      <!-- Assume students is the database name -->
   
      <property name = "hibernate.connection.url">
       jdbc:oracle:thin:@localhost:1521:XE
      </property>
   
      <property name = "hibernate.connection.username">
         akshay
      </property>
   
      <property name = "hibernate.connection.password">
         root1
      </property>

   </session-factory>
</hibernate-configuration>